tweetler,tarih
"Yerlileştirme ve Türk malı ürünleri destekleme programlarımızla cari açığımızı 3 yılda 30 Milyar Dolar azaltacağız.

Vakit Yerlileşme Vakti. Vakit Türkiye Vakti!",14 Haz 2018
"Gemi inşaatında yerli üretimi destekliyoruz. Koster filolarımızı yenileyerek sanayimize 5 Milyar Dolar katkı sağlıyoruz. 

Vakit Güçlü Denizcilik Vakti. Vakit Türkiye Vakti!",13 Haz 2018
"Halihazırda 1,5 milyar dolar olan ticaret hacmimizi kısa sürede 5 milyar dolara çıkararak ilişkilerimizi daha da geliştireceğimize inanıyor, ziyaretim sırasında göstermiş oldukları sıcak misafirperverlik için kardeşim Mirziyoyev'e ve Özbekistan halkına şükranlarımı sunuyorum.",30 Nis 2018
"Yakın zamanda 2 milyar Dolar ek yatırım ile mevcut kapasiteyi inşallah 5,4 milyar metreküpe çıkaracağız.",10 Şub 2017
700 Milyon Dolar'a malolan bu dev yatırım ile Enerji alanında büyümeye ve güçlenmeye devam ediyoruz.,10 Şub 2017
"Varılan anlaşma uyarınca İsrail, Mavi Marmara'da şehid olan masum kardeşlerimizin ailelerine 20 milyon Dolar tazminat ödeyecek.",27 Haz 2016
"Âlim hakkın yanında olur, âlim ilmini satmaz. Dolar'a, Riyal'e mahkum olmuş kişiden âlim olmaz.",17 Tem 2014
"Türkiye olarak, 2014 yılı Ocak ayında ihracatı %10 arttırarak 12 milyar dolar ile Cumhuriyet tarihinin rekorunu kırdık.",4 Şub 2014
"Yakın zamanda 2 milyar Dolar ek yatırım ile mevcut kapasiteyi inşallah 5,4 milyar metreküpe çıkaracağız.",10 Şub 2017
700 Milyon Dolar'a malolan bu dev yatırım ile Enerji alanında büyümeye ve güçlenmeye devam ediyoruz.,10 Şub 2017
"Varılan anlaşma uyarınca İsrail, Mavi Marmara'da şehid olan masum kardeşlerimizin ailelerine 20 milyon Dolar tazminat ödeyecek.",27 Haz 2016
"Âlim hakkın yanında olur, âlim ilmini satmaz. Dolar'a, Riyal'e mahkum olmuş kişiden âlim olmaz.",17 Tem 2014
"Türkiye olarak, 2014 yılı Ocak ayında ihracatı %10 arttırarak 12 milyar dolar ile Cumhuriyet tarihinin rekorunu kırdık.",4 Şub 2014
"Eğer bu iktidar yolsuzlukların iktidarı olsaydı,Merkez Banka'sının 27.5milyar dolar olan döviz rezervini 136milyar dolara çıkarabilir miydi?",27 Ara 2013
"Şu anda Mısır'da darbe yönetimine 16 milyar dolar yardım edenler, seçilmiş Cumhurbaşkanı varken neredeydiniz? Niye yardım etmediniz?",22 Ağu 2013
"IMF ile borç ilişkisini tarihe havale ettik, şimdi biz IMF'ye 5 milyar dolar borç vereceğiz.",31 Tem 2013
"2002’de 36 milyar dolar olan ihracat 2012’de 152,5 milyar dolara ulaştı.",1 Haz 2013
14 Mayıs'ta IMF'e olan 400 milyon dolar borcumuzu ödeyerek sıfırlıyoruz ve bu meseleyi kapatıyoruz.,4 May 2013
"Milliyetçilik, devletin kasasını, hazinesini boşaltmak, ülkeye, millete milyarlarca dolar fatura ödetmek hiç değildir.",16 Nis 2013
10 yıl önce milli geliri 230 milyar dolar olarak devraldık. 10 yılda 3 kattan daha fazla artırdık.,2 Nis 2013
"Yakın zamanda 2 milyar Dolar ek yatırım ile mevcut kapasiteyi inşallah 5,4 milyar metreküpe çıkaracağız.",10 Şub 2017
700 Milyon Dolar'a malolan bu dev yatırım ile Enerji alanında büyümeye ve güçlenmeye devam ediyoruz.,10 Şub 2017
"Varılan anlaşma uyarınca İsrail, Mavi Marmara'da şehid olan masum kardeşlerimizin ailelerine 20 milyon Dolar tazminat ödeyecek.",27 Haz 2016
"Âlim hakkın yanında olur, âlim ilmini satmaz. Dolar'a, Riyal'e mahkum olmuş kişiden âlim olmaz.",17 Tem 2014
"Türkiye olarak, 2014 yılı Ocak ayında ihracatı %10 arttırarak 12 milyar dolar ile Cumhuriyet tarihinin rekorunu kırdık.",4 Şub 2014
"Eğer bu iktidar yolsuzlukların iktidarı olsaydı,Merkez Banka'sının 27.5milyar dolar olan döviz rezervini 136milyar dolara çıkarabilir miydi?",27 Ara 2013
"Şu anda Mısır'da darbe yönetimine 16 milyar dolar yardım edenler, seçilmiş Cumhurbaşkanı varken neredeydiniz? Niye yardım etmediniz?",22 Ağu 2013
"IMF ile borç ilişkisini tarihe havale ettik, şimdi biz IMF'ye 5 milyar dolar borç vereceğiz.",31 Tem 2013
"2002’de 36 milyar dolar olan ihracat 2012’de 152,5 milyar dolara ulaştı.",1 Haz 2013
14 Mayıs'ta IMF'e olan 400 milyon dolar borcumuzu ödeyerek sıfırlıyoruz ve bu meseleyi kapatıyoruz.,4 May 2013
"Milliyetçilik, devletin kasasını, hazinesini boşaltmak, ülkeye, millete milyarlarca dolar fatura ödetmek hiç değildir.",16 Nis 2013
10 yıl önce milli geliri 230 milyar dolar olarak devraldık. 10 yılda 3 kattan daha fazla artırdık.,2 Nis 2013
"Yakın zamanda 2 milyar Dolar ek yatırım ile mevcut kapasiteyi inşallah 5,4 milyar metreküpe çıkaracağız.",10 Şub 2017
700 Milyon Dolar'a malolan bu dev yatırım ile Enerji alanında büyümeye ve güçlenmeye devam ediyoruz.,10 Şub 2017
"Varılan anlaşma uyarınca İsrail, Mavi Marmara'da şehid olan masum kardeşlerimizin ailelerine 20 milyon Dolar tazminat ödeyecek.",27 Haz 2016
"Âlim hakkın yanında olur, âlim ilmini satmaz. Dolar'a, Riyal'e mahkum olmuş kişiden âlim olmaz.",17 Tem 2014
"Türkiye olarak, 2014 yılı Ocak ayında ihracatı %10 arttırarak 12 milyar dolar ile Cumhuriyet tarihinin rekorunu kırdık.",4 Şub 2014
"Eğer bu iktidar yolsuzlukların iktidarı olsaydı,Merkez Banka'sının 27.5milyar dolar olan döviz rezervini 136milyar dolara çıkarabilir miydi?",27 Ara 2013
"Şu anda Mısır'da darbe yönetimine 16 milyar dolar yardım edenler, seçilmiş Cumhurbaşkanı varken neredeydiniz? Niye yardım etmediniz?",22 Ağu 2013
"IMF ile borç ilişkisini tarihe havale ettik, şimdi biz IMF'ye 5 milyar dolar borç vereceğiz.",31 Tem 2013
"2002’de 36 milyar dolar olan ihracat 2012’de 152,5 milyar dolara ulaştı.",1 Haz 2013
14 Mayıs'ta IMF'e olan 400 milyon dolar borcumuzu ödeyerek sıfırlıyoruz ve bu meseleyi kapatıyoruz.,4 May 2013
"Milliyetçilik, devletin kasasını, hazinesini boşaltmak, ülkeye, millete milyarlarca dolar fatura ödetmek hiç değildir.",16 Nis 2013
10 yıl önce milli geliri 230 milyar dolar olarak devraldık. 10 yılda 3 kattan daha fazla artırdık.,2 Nis 2013
"Yakın zamanda 2 milyar Dolar ek yatırım ile mevcut kapasiteyi inşallah 5,4 milyar metreküpe çıkaracağız.",10 Şub 2017
700 Milyon Dolar'a malolan bu dev yatırım ile Enerji alanında büyümeye ve güçlenmeye devam ediyoruz.,10 Şub 2017
"Varılan anlaşma uyarınca İsrail, Mavi Marmara'da şehid olan masum kardeşlerimizin ailelerine 20 milyon Dolar tazminat ödeyecek.",27 Haz 2016
"Âlim hakkın yanında olur, âlim ilmini satmaz. Dolar'a, Riyal'e mahkum olmuş kişiden âlim olmaz.",17 Tem 2014
"Türkiye olarak, 2014 yılı Ocak ayında ihracatı %10 arttırarak 12 milyar dolar ile Cumhuriyet tarihinin rekorunu kırdık.",4 Şub 2014
"Eğer bu iktidar yolsuzlukların iktidarı olsaydı,Merkez Banka'sının 27.5milyar dolar olan döviz rezervini 136milyar dolara çıkarabilir miydi?",27 Ara 2013
"Şu anda Mısır'da darbe yönetimine 16 milyar dolar yardım edenler, seçilmiş Cumhurbaşkanı varken neredeydiniz? Niye yardım etmediniz?",22 Ağu 2013
"IMF ile borç ilişkisini tarihe havale ettik, şimdi biz IMF'ye 5 milyar dolar borç vereceğiz.",31 Tem 2013
"2002’de 36 milyar dolar olan ihracat 2012’de 152,5 milyar dolara ulaştı.",1 Haz 2013
14 Mayıs'ta IMF'e olan 400 milyon dolar borcumuzu ödeyerek sıfırlıyoruz ve bu meseleyi kapatıyoruz.,4 May 2013
"Milliyetçilik, devletin kasasını, hazinesini boşaltmak, ülkeye, millete milyarlarca dolar fatura ödetmek hiç değildir.",16 Nis 2013
10 yıl önce milli geliri 230 milyar dolar olarak devraldık. 10 yılda 3 kattan daha fazla artırdık.,2 Nis 2013
"Yakın zamanda 2 milyar Dolar ek yatırım ile mevcut kapasiteyi inşallah 5,4 milyar metreküpe çıkaracağız.",10 Şub 2017
700 Milyon Dolar'a malolan bu dev yatırım ile Enerji alanında büyümeye ve güçlenmeye devam ediyoruz.,10 Şub 2017
"Varılan anlaşma uyarınca İsrail, Mavi Marmara'da şehid olan masum kardeşlerimizin ailelerine 20 milyon Dolar tazminat ödeyecek.",27 Haz 2016
"Âlim hakkın yanında olur, âlim ilmini satmaz. Dolar'a, Riyal'e mahkum olmuş kişiden âlim olmaz.",17 Tem 2014
"Türkiye olarak, 2014 yılı Ocak ayında ihracatı %10 arttırarak 12 milyar dolar ile Cumhuriyet tarihinin rekorunu kırdık.",4 Şub 2014
"Eğer bu iktidar yolsuzlukların iktidarı olsaydı,Merkez Banka'sının 27.5milyar dolar olan döviz rezervini 136milyar dolara çıkarabilir miydi?",27 Ara 2013
"Şu anda Mısır'da darbe yönetimine 16 milyar dolar yardım edenler, seçilmiş Cumhurbaşkanı varken neredeydiniz? Niye yardım etmediniz?",22 Ağu 2013
"IMF ile borç ilişkisini tarihe havale ettik, şimdi biz IMF'ye 5 milyar dolar borç vereceğiz.",31 Tem 2013
"2002’de 36 milyar dolar olan ihracat 2012’de 152,5 milyar dolara ulaştı.",1 Haz 2013
14 Mayıs'ta IMF'e olan 400 milyon dolar borcumuzu ödeyerek sıfırlıyoruz ve bu meseleyi kapatıyoruz.,4 May 2013
"Milliyetçilik, devletin kasasını, hazinesini boşaltmak, ülkeye, millete milyarlarca dolar fatura ödetmek hiç değildir.",16 Nis 2013
10 yıl önce milli geliri 230 milyar dolar olarak devraldık. 10 yılda 3 kattan daha fazla artırdık.,2 Nis 2013
"Yakın zamanda 2 milyar Dolar ek yatırım ile mevcut kapasiteyi inşallah 5,4 milyar metreküpe çıkaracağız.",10 Şub 2017
700 Milyon Dolar'a malolan bu dev yatırım ile Enerji alanında büyümeye ve güçlenmeye devam ediyoruz.,10 Şub 2017
"Varılan anlaşma uyarınca İsrail, Mavi Marmara'da şehid olan masum kardeşlerimizin ailelerine 20 milyon Dolar tazminat ödeyecek.",27 Haz 2016
"Âlim hakkın yanında olur, âlim ilmini satmaz. Dolar'a, Riyal'e mahkum olmuş kişiden âlim olmaz.",17 Tem 2014
"Türkiye olarak, 2014 yılı Ocak ayında ihracatı %10 arttırarak 12 milyar dolar ile Cumhuriyet tarihinin rekorunu kırdık.",4 Şub 2014
"Eğer bu iktidar yolsuzlukların iktidarı olsaydı,Merkez Banka'sının 27.5milyar dolar olan döviz rezervini 136milyar dolara çıkarabilir miydi?",27 Ara 2013
"Şu anda Mısır'da darbe yönetimine 16 milyar dolar yardım edenler, seçilmiş Cumhurbaşkanı varken neredeydiniz? Niye yardım etmediniz?",22 Ağu 2013
"IMF ile borç ilişkisini tarihe havale ettik, şimdi biz IMF'ye 5 milyar dolar borç vereceğiz.",31 Tem 2013
"2002’de 36 milyar dolar olan ihracat 2012’de 152,5 milyar dolara ulaştı.",1 Haz 2013
14 Mayıs'ta IMF'e olan 400 milyon dolar borcumuzu ödeyerek sıfırlıyoruz ve bu meseleyi kapatıyoruz.,4 May 2013
"Milliyetçilik, devletin kasasını, hazinesini boşaltmak, ülkeye, millete milyarlarca dolar fatura ödetmek hiç değildir.",16 Nis 2013
10 yıl önce milli geliri 230 milyar dolar olarak devraldık. 10 yılda 3 kattan daha fazla artırdık.,2 Nis 2013
"Yakın zamanda 2 milyar Dolar ek yatırım ile mevcut kapasiteyi inşallah 5,4 milyar metreküpe çıkaracağız.",10 Şub 2017
700 Milyon Dolar'a malolan bu dev yatırım ile Enerji alanında büyümeye ve güçlenmeye devam ediyoruz.,10 Şub 2017
"Varılan anlaşma uyarınca İsrail, Mavi Marmara'da şehid olan masum kardeşlerimizin ailelerine 20 milyon Dolar tazminat ödeyecek.",27 Haz 2016
"Âlim hakkın yanında olur, âlim ilmini satmaz. Dolar'a, Riyal'e mahkum olmuş kişiden âlim olmaz.",17 Tem 2014
"Türkiye olarak, 2014 yılı Ocak ayında ihracatı %10 arttırarak 12 milyar dolar ile Cumhuriyet tarihinin rekorunu kırdık.",4 Şub 2014
"Eğer bu iktidar yolsuzlukların iktidarı olsaydı,Merkez Banka'sının 27.5milyar dolar olan döviz rezervini 136milyar dolara çıkarabilir miydi?",27 Ara 2013
"Şu anda Mısır'da darbe yönetimine 16 milyar dolar yardım edenler, seçilmiş Cumhurbaşkanı varken neredeydiniz? Niye yardım etmediniz?",22 Ağu 2013
"IMF ile borç ilişkisini tarihe havale ettik, şimdi biz IMF'ye 5 milyar dolar borç vereceğiz.",31 Tem 2013
"2002’de 36 milyar dolar olan ihracat 2012’de 152,5 milyar dolara ulaştı.",1 Haz 2013
14 Mayıs'ta IMF'e olan 400 milyon dolar borcumuzu ödeyerek sıfırlıyoruz ve bu meseleyi kapatıyoruz.,4 May 2013
"Milliyetçilik, devletin kasasını, hazinesini boşaltmak, ülkeye, millete milyarlarca dolar fatura ödetmek hiç değildir.",16 Nis 2013
10 yıl önce milli geliri 230 milyar dolar olarak devraldık. 10 yılda 3 kattan daha fazla artırdık.,2 Nis 2013
"Yakın zamanda 2 milyar Dolar ek yatırım ile mevcut kapasiteyi inşallah 5,4 milyar metreküpe çıkaracağız.",10 Şub 2017
700 Milyon Dolar'a malolan bu dev yatırım ile Enerji alanında büyümeye ve güçlenmeye devam ediyoruz.,10 Şub 2017
"Varılan anlaşma uyarınca İsrail, Mavi Marmara'da şehid olan masum kardeşlerimizin ailelerine 20 milyon Dolar tazminat ödeyecek.",27 Haz 2016
"Âlim hakkın yanında olur, âlim ilmini satmaz. Dolar'a, Riyal'e mahkum olmuş kişiden âlim olmaz.",17 Tem 2014
"Türkiye olarak, 2014 yılı Ocak ayında ihracatı %10 arttırarak 12 milyar dolar ile Cumhuriyet tarihinin rekorunu kırdık.",4 Şub 2014
"Eğer bu iktidar yolsuzlukların iktidarı olsaydı,Merkez Banka'sının 27.5milyar dolar olan döviz rezervini 136milyar dolara çıkarabilir miydi?",27 Ara 2013
"Şu anda Mısır'da darbe yönetimine 16 milyar dolar yardım edenler, seçilmiş Cumhurbaşkanı varken neredeydiniz? Niye yardım etmediniz?",22 Ağu 2013
"IMF ile borç ilişkisini tarihe havale ettik, şimdi biz IMF'ye 5 milyar dolar borç vereceğiz.",31 Tem 2013
"2002’de 36 milyar dolar olan ihracat 2012’de 152,5 milyar dolara ulaştı.",1 Haz 2013
14 Mayıs'ta IMF'e olan 400 milyon dolar borcumuzu ödeyerek sıfırlıyoruz ve bu meseleyi kapatıyoruz.,4 May 2013
"Milliyetçilik, devletin kasasını, hazinesini boşaltmak, ülkeye, millete milyarlarca dolar fatura ödetmek hiç değildir.",16 Nis 2013
10 yıl önce milli geliri 230 milyar dolar olarak devraldık. 10 yılda 3 kattan daha fazla artırdık.,2 Nis 2013
"Yakın zamanda 2 milyar Dolar ek yatırım ile mevcut kapasiteyi inşallah 5,4 milyar metreküpe çıkaracağız.",10 Şub 2017
700 Milyon Dolar'a malolan bu dev yatırım ile Enerji alanında büyümeye ve güçlenmeye devam ediyoruz.,10 Şub 2017
"Varılan anlaşma uyarınca İsrail, Mavi Marmara'da şehid olan masum kardeşlerimizin ailelerine 20 milyon Dolar tazminat ödeyecek.",27 Haz 2016
"Âlim hakkın yanında olur, âlim ilmini satmaz. Dolar'a, Riyal'e mahkum olmuş kişiden âlim olmaz.",17 Tem 2014
"Türkiye olarak, 2014 yılı Ocak ayında ihracatı %10 arttırarak 12 milyar dolar ile Cumhuriyet tarihinin rekorunu kırdık.",4 Şub 2014
"Eğer bu iktidar yolsuzlukların iktidarı olsaydı,Merkez Banka'sının 27.5milyar dolar olan döviz rezervini 136milyar dolara çıkarabilir miydi?",27 Ara 2013
"Şu anda Mısır'da darbe yönetimine 16 milyar dolar yardım edenler, seçilmiş Cumhurbaşkanı varken neredeydiniz? Niye yardım etmediniz?",22 Ağu 2013
"IMF ile borç ilişkisini tarihe havale ettik, şimdi biz IMF'ye 5 milyar dolar borç vereceğiz.",31 Tem 2013
"2002’de 36 milyar dolar olan ihracat 2012’de 152,5 milyar dolara ulaştı.",1 Haz 2013
14 Mayıs'ta IMF'e olan 400 milyon dolar borcumuzu ödeyerek sıfırlıyoruz ve bu meseleyi kapatıyoruz.,4 May 2013
"Milliyetçilik, devletin kasasını, hazinesini boşaltmak, ülkeye, millete milyarlarca dolar fatura ödetmek hiç değildir.",16 Nis 2013
10 yıl önce milli geliri 230 milyar dolar olarak devraldık. 10 yılda 3 kattan daha fazla artırdık.,2 Nis 2013
